hotelID,roomNumber,price,imageURL
1,1,1501,eyeg
1,2,1851,yvmx
1,3,859,tblw
1,4,614,ztui
1,5,1957,klzm
1,6,1803,kpiy
1,7,1771,rzqq
1,8,1764,txyh
1,9,1711,lafo
1,10,1639,xyjy
2,1,1477,dhya
2,2,853,lroe
2,3,617,pnvz
2,4,738,jnsr
2,5,1833,yqyz
2,6,1987,zijt
2,7,1887,fmpw
2,8,1607,rpiz
2,9,1848,acry
2,10,1826,egxf
3,1,909,eyeg
3,2,572,yvmx
3,3,917,tblw
3,4,897,ztui
3,5,1377,klzm
3,6,1480,kpiy
3,7,1140,rzqq
3,8,1270,txyh
3,9,860,lafo
3,10,1451,xyjy
4,1,1999,dhya
4,2,1893,lroe
4,3,1950,pnvz
4,4,1618,jnsr
4,5,825,yqyz
4,6,1581,zijt
4,7,1686,fmpw
4,8,1886,rpiz
4,9,1231,acry
4,10,672,egxf
5,1,1948,eyeg
5,2,1992,yvmx
5,3,964,tblw
5,4,751,ztui
5,5,1114,klzm
5,6,1804,kpiy
5,7,938,rzqq
5,8,618,txyh
5,9,535,lafo
5,10,1026,xyjy
6,1,1381,dhya
6,2,1113,lroe
6,3,758,pnvz
6,4,848,jnsr
6,5,852,yqyz
6,6,1219,zijt
6,7,592,fmpw
6,8,620,rpiz
6,9,1005,acry
6,10,1325,egxf
7,1,1466,eyeg
7,2,1533,yvmx
7,3,1786,tblw
7,4,1418,ztui
7,5,1684,klzm
7,6,804,kpiy
7,7,663,rzqq
7,8,998,txyh
7,9,1797,lafo
7,10,813,xyjy
8,1,1001,dhya
8,2,1271,lroe
8,3,1437,pnvz
8,4,1920,jnsr
8,5,563,yqyz
8,6,1487,zijt
8,7,1851,fmpw
8,8,1319,rpiz
8,9,1708,acry
8,10,1019,egxf
9,1,1481,eyeg
9,2,589,yvmx
9,3,1036,tblw
9,4,1293,ztui
9,5,1230,klzm
9,6,880,kpiy
9,7,1523,rzqq
9,8,974,txyh
9,9,1118,lafo
9,10,1063,xyjy
10,1,513,dhya
10,2,859,lroe
10,3,743,pnvz
10,4,500,jnsr
10,5,1749,yqyz
10,6,1814,zijt
10,7,1192,fmpw
10,8,672,rpiz
10,9,1345,acry
10,10,1261,egxf
11,1,1170,eyeg
11,2,1907,yvmx
11,3,1411,tblw
11,4,1652,ztui
11,5,1234,klzm
11,6,1200,kpiy
11,7,1186,rzqq
11,8,1391,txyh
11,9,921,lafo
11,10,1190,xyjy
12,1,1306,dhya
12,2,1961,lroe
12,3,1013,pnvz
12,4,1584,jnsr
12,5,845,yqyz
12,6,1460,zijt
12,7,1765,fmpw
12,8,1988,rpiz
12,9,1873,acry
12,10,1543,egxf
13,1,1530,eyeg
13,2,928,yvmx
13,3,767,tblw
13,4,697,ztui
13,5,1963,klzm
13,6,1517,kpiy
13,7,723,rzqq
13,8,508,txyh
13,9,708,lafo
13,10,814,xyjy
14,1,1871,dhya
14,2,1415,lroe
14,3,1787,pnvz
14,4,1476,jnsr
14,5,1791,yqyz
14,6,1223,zijt
14,7,692,fmpw
14,8,1973,rpiz
14,9,1599,acry
14,10,565,egxf
15,1,1342,eyeg
15,2,530,yvmx
15,3,1296,tblw
15,4,748,ztui
15,5,795,klzm
15,6,1947,kpiy
15,7,1978,rzqq
15,8,769,txyh
15,9,1647,lafo
15,10,841,xyjy
16,1,1535,dhya
16,2,1789,lroe
16,3,770,pnvz
16,4,1625,jnsr
16,5,919,yqyz
16,6,739,zijt
16,7,1746,fmpw
16,8,696,rpiz
16,9,681,acry
16,10,1556,egxf
17,1,938,eyeg
17,2,1761,yvmx
17,3,1672,tblw
17,4,1175,ztui
17,5,582,klzm
17,6,687,kpiy
17,7,1962,rzqq
17,8,1744,txyh
17,9,1928,lafo
17,10,1538,xyjy
18,1,883,dhya
18,2,1405,lroe
18,3,555,pnvz
18,4,1683,jnsr
18,5,1291,yqyz
18,6,810,zijt
18,7,593,fmpw
18,8,938,rpiz
18,9,1874,acry
18,10,1609,egxf
19,1,1061,eyeg
19,2,564,yvmx
19,3,910,tblw
19,4,1814,ztui
19,5,983,klzm
19,6,1503,kpiy
19,7,1791,rzqq
19,8,1907,txyh
19,9,1020,lafo
19,10,895,xyjy
20,1,907,dhya
20,2,593,lroe
20,3,1467,pnvz
20,4,1501,jnsr
20,5,886,yqyz
20,6,1633,zijt
20,7,1583,fmpw
20,8,1993,rpiz
20,9,1415,acry
20,10,15,egxf